"Designator","Device","Footprint","Mid X","Mid Y","Ref X","Ref Y","Pad X","Pad Y","Pins","Layer","Rotation","SMD","Comment","Name"
"C1","1u","C0402","-6.198mm","1.93mm","-6.198mm","1.93mm","-6.583mm","1.545mm","2","T","45","Yes","1u","1u"
"C9","CAP_0402","C0402","-17.069mm","3.048mm","-17.069mm","3.048mm","-17.614mm","3.048mm","2","B","0","Yes","100nF","100nF"
"C43","CAP_0805","C0805","38.456mm","1.372mm","38.456mm","1.372mm","38.456mm","0.372mm","2","B","90","Yes","22uF 10V","22uF 10V"
"C45","CAP_0402","C0402","38.354mm","6.706mm","38.354mm","6.706mm","37.809mm","6.706mm","2","B","0","Yes","22pF","22pF"
"C66","CAP_0402","C0402","33.453mm","1.126mm","33.453mm","1.126mm","33.453mm","1.671mm","2","B","270","Yes","100nF","100nF"
"C67","CAP_0805","C0805","37.44mm","4.216mm","37.44mm","4.216mm","36.44mm","4.216mm","2","B","0","Yes","22uF 10V","22uF 10V"
"C88","100uF/16V-SMD6.3","CAP-SMD_BD6.3-L6.6-W6.6-LS7.4-FD","48.006mm","9.398mm","48.006mm","9.398mm","46.118mm","11.286mm","2","T","315","Yes","100uF/16V","100uF/16V"
"C89","47UF35V-C_SMD_6.3X5.8","CAP-SMD_BD6.3-L6.6-W6.6-LS7.2-FD","31.75mm","-4.013mm","31.75mm","-4.013mm","34.42mm","-4.013mm","2","T","180","Yes","47UF35V","47UF35V"
"C90","CAP_0402","C0402","42.723mm","1.016mm","42.723mm","1.016mm","43.268mm","1.016mm","2","B","180","Yes","100nF","100nF"
"C91","CAP_0402","C0402","40.386mm","1.727mm","40.386mm","1.727mm","40.386mm","1.182mm","2","B","90","Yes","100nF","100nF"
"D2","SMAJ28A_C148227","SMA_L4.4-W2.8-LS5.4-RD","54.254mm","8.687mm","54.254mm","8.687mm","54.254mm","6.121mm","2","T","90","Yes","SMAJ28A","SMAJ28A"
"D3","SRV05-4_C2836319","SOT-23-6_L2.9-W1.6-P0.95-LS2.8-BL","25.451mm","2.54mm","25.451mm","2.54mm","24.501mm","3.689mm","6","B","0","Yes","SRV05-4","SRV05-4"
"D4","SMF3.3","SOD-123FL_L3.0-W1.9-LS3.7-FD","44.856mm","10.16mm","44.856mm","10.16mm","44.856mm","8.536mm","2","B","90","Yes","SMF3.3","SMF3.3"
"H4","HDR-M_2.54_2x3","HDR-TH_6P-P2.54-V-R2-C3-S2.54_A2541WV-2X3P","40.335mm","10.211mm","40.335mm","10.211mm","42.875mm","11.481mm","6","T","180","No","HDR-M_2.54_2x3","HDR-M_2.54_2x3"
"H7","HDR-M_2.54_1x2P","HDR-TH_2P-P2.54-V-M-1","21.184mm","6.35mm","21.184mm","6.35mm","22.454mm","6.35mm","2","T","180","No","B-2100S02P-A110","B-2100S02P-A110"
"H9","HDR-M_2.54_1x4P","HDR-TH_4P-P2.54-V-M","-20.777mm","-2.54mm","-20.777mm","-2.54mm","-20.777mm","1.27mm","4","T","270","No","HDR-M_2.54_1x4P","HDR-M_2.54_1x4P"
"H13","HDR-M_2.54_2x3","HDR-TH_6P-P2.54-V-R2-C3-S2.54_A2541WV-2X3P","40.335mm","-10.16mm","40.335mm","-10.16mm","42.875mm","-8.89mm","6","T","180","No","HDR-M_2.54_2x3","HDR-M_2.54_2x3"
"H15","HDR-F_2.54_2x2","HDR-TH_4P-P2.54-V-F-R2-C2-S2.54","-24.587mm","5.08mm","-24.587mm","5.08mm","-23.317mm","6.35mm","4","T","180","No","HDR-F_2.54_2x2","HDR-F_2.54_2x2"
"H16","HDR-F_2.54_2x2","HDR-TH_4P-P2.54-V-F-R2-C2-S2.54","9.652mm","-1.321mm","9.652mm","-1.321mm","8.382mm","-0.051mm","4","T","270","No","HDR-F_2.54_2x2","HDR-F_2.54_2x2"
"H17","X6511WV-25H-C60D30","HDR-TH_25P-P2.54-V-M","4.641mm","-8.872mm","4.641mm","-8.872mm","-25.839mm","-8.872mm","25","T","0","No","X6511WV-25H-C60D30","X6511WV-25H-C60D30"
"H18","X6511WV-25H-C60D30","HDR-TH_25P-P2.54-V-M","4.641mm","8.908mm","4.641mm","8.908mm","-25.839mm","8.908mm","25","T","0","No","X6511WV-25H-C60D30","X6511WV-25H-C60D30"
"H19","HDR-M_2.54_1x5P","HDR-TH_5P-P2.54-V-M","13.97mm","0mm","13.97mm","0mm","13.97mm","5.08mm","5","T","270","No","HDR-M_2.54_1x5P","HDR-M_2.54_1x5P"
"H20","HDR-M_2.54_2x4","HDR-TH_8P-P2.54-V-M-R2-C4-S2.54","21.184mm","0mm","21.184mm","0mm","19.914mm","3.81mm","8","T","270","No","HDR-M_2.54_2x4","HDR-M_2.54_2x4"
"L1","YSPI0630A-220M","IND-SMD_L7.1-W6.6","36.525mm","2.794mm","36.525mm","2.794mm","33.612mm","2.794mm","2","T","0","Yes","22uH","22uH"
"LED1","WS2812C-2020-V1","LED-SMD_4P-L2.0-W2.0-TL_WS2812B-2020","-17.069mm","5.131mm","-17.069mm","5.131mm","-16.519mm","6.046mm","4","T","270","Yes","WS2812C-2020-V1","WS2812C-2020-V1"
"LED2","WS2812C-2020-V1","LED-SMD_4P-L2.0-W2.0-TL_WS2812B-2020","-13.868mm","5.131mm","-13.868mm","5.131mm","-13.318mm","6.046mm","4","T","270","Yes","WS2812C-2020-V1","WS2812C-2020-V1"
"LED3","WS2812C-2020-V1","LED-SMD_4P-L2.0-W2.0-TL_WS2812B-2020","-10.668mm","5.131mm","-10.668mm","5.131mm","-10.118mm","6.046mm","4","T","270","Yes","WS2812C-2020-V1","WS2812C-2020-V1"
"LED4","WS2812C-2020-V1","LED-SMD_4P-L2.0-W2.0-TL_WS2812B-2020","-7.468mm","5.131mm","-7.468mm","5.131mm","-6.918mm","6.046mm","4","T","270","Yes","WS2812C-2020-V1","WS2812C-2020-V1"
"LED5","LED_0603-B","LED_0603","36.424mm","-1.379mm","36.474mm","-1.372mm","35.623mm","-1.382mm","2","T","0","Yes","LED_0603-B","LED_0603-B"
"P1","KF301-5.0-2P","CONN-TH_P5.00_KF301-5.0-2P","50.089mm","-8.992mm","50.089mm","-8.992mm","47.589mm","-8.992mm","2","T","0","No","KF301-5.0-2P","KF301-5.0-2P"
"Q1","CJL2301","SOT-23-6_L2.9-W1.6-P0.95-LS2.8-BL","27.432mm","-4.623mm","27.432mm","-4.623mm","28.382mm","-5.772mm","6","B","180","Yes","CJL2301","CJL2301"
"Q2","NDC7002N","SOT-23-6_L2.9-W1.6-P0.95-LS2.8-BR","29.464mm","2.54mm","29.464mm","2.54mm","30.414mm","1.19mm","6","B","270","Yes","NDC7002N","NDC7002N"
"R12","Res_0402","R0402","25.044mm","-4.623mm","25.044mm","-4.623mm","25.044mm","-5.056mm","2","B","90","Yes","5.1K","5.1K"
"R13","Res_0402","R0402","29.769mm","-4.623mm","29.769mm","-4.623mm","29.769mm","-5.056mm","2","B","90","Yes","5.1K","5.1K"
"R14","Res_0402","R0402","29.769mm","-6.756mm","29.769mm","-6.756mm","29.769mm","-6.324mm","2","B","270","Yes","1M","1M"
"R15","Res_0402","R0402","10.922mm","2.134mm","10.922mm","2.134mm","10.922mm","2.566mm","2","B","270","Yes","3.3K","3.3K"
"R16","Res_0402","R0402","9.55mm","2.134mm","9.55mm","2.134mm","9.55mm","2.566mm","2","B","270","Yes","3.3K","3.3K"
"R17","Res_0402","R0402","38.354mm","5.69mm","38.354mm","5.69mm","37.921mm","5.69mm","2","B","0","Yes","47K","47K"
"R18","Res_0402","R0402","36.424mm","6.198mm","36.424mm","6.198mm","36.424mm","5.765mm","2","B","90","Yes","15K","15K"
"R38","Res_0603","R0603","36.576mm","-1.27mm","36.576mm","-1.27mm","35.823mm","-1.27mm","2","B","0","Yes","10K","10K"
"R42","Res_0402","R0402","-17.069mm","1.676mm","-17.069mm","1.676mm","-16.636mm","1.676mm","2","B","180","Yes","4.7K","4.7K"
"R43","Res_0402","R0402","31.75mm","2.54mm","31.75mm","2.54mm","31.75mm","2.973mm","2","B","270","Yes","1M","1M"
"R44","HoJLR2512-3W-10mR-1%","RES-SMD_L6.4-W3.2-R2512","42.774mm","-2.134mm","42.774mm","-2.134mm","42.774mm","0.933mm","2","T","270","Yes","10mΩ","10mΩ"
"R45","Res_0402","R0402","43.485mm","2.489mm","43.485mm","2.489mm","43.485mm","2.056mm","2","B","90","Yes","10K","10K"
"R46","Res_0402","R0402","42.062mm","2.489mm","42.062mm","2.489mm","42.062mm","2.056mm","2","B","90","Yes","10K","10K"
"R47","Res_0402","R0402","43.18mm","-6.807mm","43.18mm","-6.807mm","43.18mm","-7.24mm","2","B","90","Yes","10K","10K"
"R48","Res_0402","R0402","42.164mm","-6.807mm","42.164mm","-6.807mm","42.164mm","-7.24mm","2","B","90","Yes","10K","10K"
"RN1","YC164-JR-0722RL","RES-ARRAY-SMD_0603-8P-L3.2-W1.6-BL","39.37mm","-2.591mm","39.37mm","-2.591mm","38.47mm","-1.391mm","8","T","270","Yes","22Ω","22Ω"
"SW1","SKRPACE010","KEY-SMD_4P-L4.2-W3.2-P2.20-LS4.6","-11.887mm","-5.182mm","-11.887mm","-5.182mm","-13.987mm","-4.107mm","4","T","0","Yes","SKRPACE010","SKRPACE010"
"SW2","SKRPACE010","KEY-SMD_4P-L4.2-W3.2-P2.20-LS4.6","-11.836mm","0mm","-11.836mm","0mm","-13.936mm","1.075mm","4","T","0","Yes","SKRPACE010","SKRPACE010"
"U9","CH32X035C8T6_1","LQFP-48_L7.0-W7.0-P0.50-LS9.0-BL","0.018mm","0.018mm","0.018mm","0.018mm","-4.932mm","-1.043mm","48","T","315","Yes","CH32X035C8T6","CH32X035C8T6"
"U19","LGS5148","SOT-23-6_L2.9-W1.6-P0.95-LS2.8-BL","35.688mm","1.278mm","35.688mm","1.278mm","34.738mm","2.427mm","6","B","0","Yes","LGS5148","LGS5148"
"U20","INA226AIDGSR","MSOP-10_L3.0-W3.0-P0.50-LS5.0-BL","41.453mm","-2.489mm","41.453mm","-2.489mm","42.453mm","-4.599mm","10","B","180","Yes","INA226AIDGSR","INA226AIDGSR"
"USB1","TYPEC-304-BCP16","USB-C-SMD_TYPEC-304-BCP16","49.835mm","0mm","49.835mm","0mm","48.202mm","-4.32mm","16","T","90","No","TYPEC-304-BCP16","TYPEC-304-BCP16"
"C92","CAP_0402","C0402","34.036mm","-1.118mm","34.036mm","-1.118mm","33.491mm","-1.118mm","2","B","0","Yes","100nF","100nF"
